name,address,care_type,target_group,include,reason,source_url
GGz Centraal - De Meregaard,"Boomgaardweg 12, 1326 AD Almere",specialised mental health care (outpatient + inpatient + crisis),adults,TRUE,Main specialised mental health location in Almere,https://www.zorgkaartnederland.nl/zorginstelling/ggz-ggz-centraal-de-meregaard-almere-6101
GGz Centraal - Gebiedsteam Almere West,"Louis Armstrongweg 88, 1311 RL Almere",specialised mental health care (outpatient),adults,TRUE,Outpatient area team,https://www.zorgkaartnederland.nl/zorginstelling/ggz-ggz-centraal-gebiedsteam-almere-west-almere-10026684
PsyQ Almere,"Metropolestraat 1, 1315 KK Almere",specialised mental health care (outpatient),adults,TRUE,Outpatient specialised care,https://www.zorgkaartnederland.nl/zorginstelling/ggz-psyq-vestiging-almere-almere-3046681
Max Ernst GGZ Almere (Volwassenen),"Rooseveltweg 11, 1314 SJ Almere",outpatient mental health care,adults,TRUE,Adult outpatient location,https://www.zorgkaartnederland.nl/zorginstelling/ggz-max-ernst-ggz-locatie-almere-volwassenen-almere-3046689
Mentaal Beter Almere - Middachtenlaan,"Middachtenlaan 45, 1333 XT Almere",outpatient mental health care (mild to moderate complaints),children + adults,TRUE,Outpatient practice; serves adults,https://www.zorgkaartnederland.nl/zorginstelling/ggz-mentaal-beter-almere-middachtenlaan-almere-10007714
MoleMann Mental Health Almere,"Wisselweg 158, 1314 CC Almere",outpatient mental health care,adults + youth,TRUE,Outpatient location with psychologists and psychiatrist,https://www.zorgkaartnederland.nl/zorginstelling/ggz-molemann-mental-health-almere-almere-3029082
Psychiatrisch Expertise Centrum,"Hawaiiweg 25, 1339 NW Almere",outpatient psychiatry,adults,TRUE,Outpatient psychiatry practice,https://www.zorgkaartnederland.nl/zorginstelling/ggz-psychiatrisch-expertise-centrum-almere-10012175
Indigo Almere - Bartok kliniek,"Bartokweg 161, 1311 ZA Almere",outpatient mental health care,adults,TRUE,Outpatient location,https://www.zorgkaartnederland.nl/zorginstelling/ggz-indigo-in-almere-bartok-kliniek-almere-10005036
HSK Almere,"P.J. Oudweg 41, 1314 CJ Almere",outpatient mental health care,adults,TRUE,Outpatient location,https://www.zorgkaartnederland.nl/zorginstelling/ggz-hsk-almere-almere-3063287
Hoofdpersoon Psychologie Almere,"Odinstraat 1, 1363 WL Almere",psychology practice,adults,TRUE,Outpatient psychology practice,https://www.zorgkaartnederland.nl/zorginstelling/ggz-hoofdpersoon-psychologie-almere-almere-3062335
Welzijn Psychologenpraktijk,"Randstad 22-46, 1316 BS Almere",psychology practice,adults,TRUE,Outpatient psychology practice,https://www.zorgkaartnederland.nl/zorginstelling/ggz-welzijn-psychologenpraktijk-almere-10024848
GGz Centraal - Fornhese (Boomgaardweg),"Boomgaardweg 10, 1326 AD Almere",specialised youth mental health care,youth 0-18,youth,Youth care: analysed separately,https://www.zorgkaartnederland.nl/zorginstelling/ggz-ggz-centraal-fornhese-flevoland-almere-boomgaardweg-almere-3029807
Mentaal Beter Almere - Beneluxlaan,"Beneluxlaan 577, 1363 BJ Almere",outpatient youth mental health care,youth 4-18,youth,Location for children and young people only,https://www.zorgkaartnederland.nl/zorginstelling/ggz-mentaal-beter-almere-beneluxlaan-almere-10007715
FamilySupporters Flevoland,"Randstad 20-27, 1314 BC Almere",family-oriented mental health care,families/youth,youth,Family and youth focus,https://www.zorgkaartnederland.nl/zorginstelling/ggz-familysupporters-flevoland-almere-10000338
Accare Almere,"Radioweg 1A, 1324 KW Almere",child and youth psychiatry,youth (verify),youth,Accare is a child and youth psychiatry provider - verify on accare.nl,https://www.zorgkaartnederland.nl/zorginstelling/ggz-accare-almere-3037103
ComeniusGGZ Almere,"Hospitaaldreef 29, 1315 RC Almere",child and youth mental health care,youth,youth,Youth care: analysed separately (target group confirmed by author),https://www.zorgkaartnederland.nl/zorginstelling/ggz-comeniusggz-almere-almere-10088592
De Autismespecialist Almere,"Markerkant 12 1-01, 1314 AJ Almere",autism diagnostics and treatment,specific target group,FALSE,Specific target group (autism) - outside inclusion criteria,https://www.zorgkaartnederland.nl/zorginstelling/ggz-de-autismespecialist-locatie-almere-almere-10022042
Kwintes Almere,"Paul Kleestraat 21, 1328 HC Almere",sheltered housing (beschermd wonen),residents,FALSE,Sheltered housing: not outpatient treatment,https://www.zorgkaartnederland.nl/zorginstelling/ggz-kwintes-locatie-almere-almere-10026771
BuurtzorgT,"Randstad 21-09 EF, 1314 BD Almere",outreach mental health care at home,adults,FALSE,Organisation-level address; care is delivered at people's homes,https://www.zorgkaartnederland.nl/zorginstelling/ggz-buurtzorgt-almere-3061248
